<?xml version="1.0" encoding="UTF-8"?>
<PE_PROJECT_SETTINGS_DOCUMENTATION>
  <PE_product_version v="version 10.3 for Freescale Microcontrollers" />
  <PE_core_version v="Processor Expert Version 0509" />
  <CPU_Bean name="Cpu" type="MCF52259_144_LQFP">
    <Enabled v="Y" />
    <Properties>
      <Component_name v="Cpu" />
      <CPU_type v="MCF52259CAG80" />
      <list name="Clock settings (included)" v="1">
        <group name="Clock settings">
          <list name="Internal clock (included)" v="1">
            <group name="Internal clock">
              <Internal_oscillator_frequency__kHz_ v="8" />
            </group>
          </list>
          <list name="External clock (included)" v="1">
            <boolgroup name="External clock" v="Enabled">
              <enumgroup name="Clock source" v="External crystal">
                <Clock_frequency__MHz_ v="8" />
                <group name="Clock input pin">
                  <Pin_name v="EXTAL" />
                </group>
                <group name="Clock output pin">
                  <Pin_name v="XTAL" />
                </group>
              </enumgroup>
            </boolgroup>
          </list>
          <list name="RTC clock (included)" v="1">
            <boolgroup name="RTC clock" v="Enabled">
              <RTC_oscillator_frequency__kHz_ v="32.768000000000" />
              <EXTAL v="Disabled" />
              <RTC_oscillator v="Disabled" />
              <Oscillator_frequency_range v="kHz" />
              <Oscillator_mode v="External oscillator mode" />
              <Low_power_mode v="Disabled" />
              <group name="Clock input pin">
                <Pin_name v="RTC_EXTAL" />
              </group>
              <boolgroup name="Clock output pin" v="Enabled">
                <Pin_name v="RTC_XTAL" />
              </boolgroup>
            </boolgroup>
          </list>
        </group>
      </list>
      <Initialization_interrupt_priority v="minimal priority" />
      <list name="Memory mapping (included)" v="1">
        <group name="Resource mapping">
          <group name="IPSBAR">
            <Base_address v="1073741824" />
          </group>
          <group name="RAMBAR">
            <Base_address v="536870912" />
            <Priority v="SRAM Backdoor / SRAM Backdoor" />
            <Backdoor_Secondary_port_valid v="Enabled" />
            <Write_protect v="Disabled" />
            <Backdoor_write_protect v="Disabled" />
            <CPU_space_interrupt_acknowledge_cycle v="Inhibited" />
            <Supervisor_code_address_space v="Masked" />
            <Supervisor_data_address_space v="Masked" />
            <User_code_address_space v="Masked" />
            <User_data_address_space v="Masked" />
            <SRAM_module v="Enabled" />
          </group>
          <group name="SCM_RAMBAR">
            <Base_address v="536870912" />
            <Backdoor v="Enabled" />
          </group>
          <group name="FLASHBAR">
            <Base_address v="0" />
            <CPU_space_interrupt_acknowledge_cycle v="Inhibited" />
            <Supervisor_code_address_space v="Masked" />
            <Supervisor_data_address_space v="Masked" />
            <User_code_address_space v="Masked" />
            <User_data_address_space v="Masked" />
            <NFC_module v="Enabled" />
          </group>
        </group>
      </list>
      <list name="Internal peripherals (included)" v="1">
        <group name="Internal peripherals">
          <list name="CCM" v="1">
            <group name="CCM">
              <group name="Common pins settings">
                <Pad_driver_load v="Default drive strength" />
              </group>
            </group>
          </list>
          <list name="SCM" v="1">
            <group name="SCM">
              <group name="Core Watchdog">
                <Watchdog v="Disabled" />
                <Timing_delay v="2^9" />
                <Timeout v="0.0128 ms" />
                <Mode v="Interrupt" />
                <Transfer_acknowledge v="Disabled" />
                <group name="Interrupt">
                  <Interrupt v="INT_SCM_SWTI" />
                  <Request v="Disabled" />
                  <Level v="Disabled" />
                  <Priority v="0 (Lowest)" />
                </group>
              </group>
              <group name="DMA">
                <Byte_counter_mode v="16 bits" />
                <DMA_channel_0_request_source v="None" />
                <DMA_channel_1_request_source v="None" />
                <DMA_channel_2_request_source v="None" />
                <DMA_channel_3_request_source v="None" />
              </group>
              <group name="Internal bus arbitration">
                <DMA_priority_elevation v="Disabled" />
                <group name="Bus masters priority">
                  <Master_0__V2_ColdFire_Core_ v="Fourth priority (lowest)" />
                  <Master_1__USB_ v="Third priority" />
                  <Master_2__4_channel_DMA_ v="Second priority" />
                  <Master_3__FEC_ v="First priority (highest)" />
                </group>
                <Bus_arbitration_mode v="Round-Robin mode" />
                <Parking_mode v="Park on last active master" />
                <Timeout_counter v="Disabled" />
                <Timeout_value v="1 cycle" />
              </group>
              <group name="System access control">
                <group name="Master privilege access">
                  <Bus_master_0 v="Accesses use the user/supervisor attribute" />
                  <Bus_master_1 v="Accesses use the user/supervisor attribute" />
                  <Bus_master_2 v="Accesses are in user mode." />
                  <Bus_master_3 v="Accesses are in user mode." />
                </group>
                <group name="Peripheral access control">
                  <group name="SCM module">
                    <Access_lock v="Disabled" />
                    <Access_control v="ReadWrite / No access" />
                  </group>
                  <group name="DMA module">
                    <Access_lock v="Disabled" />
                    <Access_control v="ReadWrite / No access" />
                  </group>
                  <group name="UART0 module">
                    <Access_lock v="Disabled" />
                    <Access_control v="ReadWrite / No access" />
                  </group>
                  <group name="UART1 module">
                    <Access_lock v="Disabled" />
                    <Access_control v="ReadWrite / No access" />
                  </group>
                  <group name="UART2 module">
                    <Access_lock v="Disabled" />
                    <Access_control v="ReadWrite / No access" />
                  </group>
                  <group name="I2C0 module">
                    <Access_lock v="Disabled" />
                    <Access_control v="ReadWrite / No access" />
                  </group>
                  <group name="QSPI module">
                    <Access_lock v="Disabled" />
                    <Access_control v="ReadWrite / No access" />
                  </group>
                  <group name="I2C1 module">
                    <Access_lock v="Disabled" />
                    <Access_control v="ReadWrite / No access" />
                  </group>
                  <group name="DTIM0 module">
                    <Access_lock v="Disabled" />
                    <Access_control v="ReadWrite / No access" />
                  </group>
                  <group name="DTIM1 module">
                    <Access_lock v="Disabled" />
                    <Access_control v="ReadWrite / No access" />
                  </group>
                  <group name="DTIM2 module">
                    <Access_lock v="Disabled" />
                    <Access_control v="ReadWrite / No access" />
                  </group>
                  <group name="DTIM3 module">
                    <Access_lock v="Disabled" />
                    <Access_control v="ReadWrite / No access" />
                  </group>
                  <group name="INTC0 module">
                    <Access_lock v="Disabled" />
                    <Access_control v="ReadWrite / No access" />
                  </group>
                  <group name="INTC1 module">
                    <Access_lock v="Disabled" />
                    <Access_control v="ReadWrite / No access" />
                  </group>
                  <group name="FEC module">
                    <Access_lock v="Disabled" />
                    <Access_control v="ReadWrite / No access" />
                  </group>
                </group>
                <group name="Grouped peripheral access control">
                  <group name="Memory region 0">
                    <Access_lock v="Disabled" />
                    <Access_control v="ReadWrite / No access" />
                  </group>
                  <group name="Memory region 1">
                    <Access_lock v="Disabled" />
                    <Access_control v="ReadWrite / No access" />
                  </group>
                </group>
              </group>
            </group>
          </list>
          <list name="Power Management" v="1">
            <group name="PowerManagement">
              <group name="Peripheral clocks">
                <Global_off_platform_modules_clock v="Enabled" />
                <Mini_FlexBus_clock v="Enabled" />
                <DMA_clock v="Enabled" />
                <UART0_clock v="Enabled" />
                <UART1_clock v="Enabled" />
                <UART2_clock v="Enabled" />
                <I2C0_clock v="Enabled" />
                <QSPI_clock v="Enabled" />
                <I2C1_clock v="Enabled" />
                <DTIM0_clock v="Enabled" />
                <DTIM1_clock v="Enabled" />
                <DTIM2_clock v="Enabled" />
                <DTIM3_clock v="Enabled" />
                <INTC0_clock v="Enabled" />
                <INTC1_clock v="Enabled" />
                <FEC_clock v="Enabled" />
                <PORTS_clock v="Enabled" />
                <EPORT_clock v="Enabled" />
                <PIT0_clock v="Enabled" />
                <PIT1_clock v="Enabled" />
                <ADC_clock v="Enabled" />
                <GPT_clock v="Enabled" />
                <PWM_clock v="Enabled" />
                <FCAN_clock v="Enabled" />
                <CFM_clock v="Enabled" />
                <RTC_clock v="Enabled" />
              </group>
              <group name="Low-power mode">
                <Low_power_stop_mode v="Disabled" />
                <Exit_low_power_mode v="Any interrupt request" />
                <Low_power_mode_select v="RUN" />
              </group>
              <group name="IPS bus monitor">
                <Timeout_monitor v="Enabled" />
                <Monitor_timeout v="1024 cycles" />
              </group>
            </group>
          </list>
          <list name="Reset Controller" v="1">
            <group name="ResetController">
              <LVD_module v="Enabled" />
              <LVD_reset v="Enabled" />
              <group name="LVD interrupt">
                <Interrupt v="INT_PMM_LVDF" />
                <Request v="Disabled" />
                <Level v="Disabled" />
                <Priority v="0 (Lowest)" />
                <LVD_interrupt v="Disabled" />
              </group>
              <Software_request_to_reset v="Not allowed" />
              <Software_assert_or_negate_RSTOUT_pin v="Negate RSTOUT pin" />
            </group>
          </list>
          <list name="Flash Controller" v="1">
            <group name="FlashConfigurationField">
              <boolgroup name="Security" v="Disabled" />
              <Protection v="0" />
              <Supervisor_access v="0" />
              <Data_access v="0" />
            </group>
          </list>
        </group>
      </list>
      <list name="Shared CPU interrupts/resets" v="1">
        <group name="CPU interrupts/resets">
          <group name="Instruction related exceptions">
            <Instruction_related_reset v="Enabled" />
            <boolgroup name="Illegal Instruction Exception" v="Disabled" />
            <boolgroup name="Unimplemented Line-A Opcode" v="Disabled" />
            <boolgroup name="Unimplemented Line-F Opcode" v="Disabled" />
            <boolgroup name="Privilege Violation" v="Disabled" />
          </group>
          <group name="Address related exceptions">
            <Address_related_reset v="Enabled" />
            <boolgroup name="Access Error Exception" v="Disabled" />
            <boolgroup name="Address Error Exception" v="Disabled" />
            <boolgroup name="RTE Format Error Exception" v="Disabled" />
          </group>
          <group name="Interrupt related exceptions">
            <Interrupt_related_reset v="Disabled" />
            <boolgroup name="Spurious Interrupt Exception" v="Disabled" />
          </group>
          <boolgroup name="Divide-By-Zero" v="Disabled" />
          <list name="Trap exceptions" v="16">
            <boolgroup name="Trap 0" v="Disabled" />
            <boolgroup name="Trap 1" v="Disabled" />
            <boolgroup name="Trap 2" v="Disabled" />
            <boolgroup name="Trap 3" v="Disabled" />
            <boolgroup name="Trap 4" v="Disabled" />
            <boolgroup name="Trap 5" v="Disabled" />
            <boolgroup name="Trap 6" v="Disabled" />
            <boolgroup name="Trap 7" v="Disabled" />
            <boolgroup name="Trap 8" v="Disabled" />
            <boolgroup name="Trap 9" v="Disabled" />
            <boolgroup name="Trap 10" v="Disabled" />
            <boolgroup name="Trap 11" v="Disabled" />
            <boolgroup name="Trap 12" v="Disabled" />
            <boolgroup name="Trap 13" v="Disabled" />
            <boolgroup name="Trap 14" v="Disabled" />
            <boolgroup name="Trap 15" v="Disabled" />
          </list>
        </group>
      </list>
      <list name="External bus (included)" v="1">
        <boolgroup name="ExternalBus" v="Enabled">
          <group name="Chip selects">
            <boolgroup name="CS0" v="Disabled" />
            <boolgroup name="CS1" v="Disabled" />
          </group>
          <boolgroup name="Address pins" v="Enabled">
            <boolgroup name="A0 pin" v="Enabled">
              <Pin v="MB_AD0_PTE0" />
            </boolgroup>
            <boolgroup name="A1 pin" v="Enabled">
              <Pin v="MB_AD1_PTE1" />
            </boolgroup>
            <boolgroup name="A2 pin" v="Enabled">
              <Pin v="MB_AD2_PTE2" />
            </boolgroup>
            <boolgroup name="A3 pin" v="Enabled">
              <Pin v="MB_AD3_PTE3" />
            </boolgroup>
            <boolgroup name="A4 pin" v="Enabled">
              <Pin v="MB_AD4_PTE4" />
            </boolgroup>
            <boolgroup name="A5 pin" v="Enabled">
              <Pin v="MB_AD5_PTE5" />
            </boolgroup>
            <boolgroup name="A6 pin" v="Enabled">
              <Pin v="MB_AD6_PTE6" />
            </boolgroup>
            <boolgroup name="A7 pin" v="Enabled">
              <Pin v="MB_AD7_PTE7" />
            </boolgroup>
            <boolgroup name="A8 pin" v="Enabled">
              <Pin v="MB_AD8_PTF0" />
            </boolgroup>
            <boolgroup name="A9 pin" v="Enabled">
              <Pin v="MB_AD9_PTF1" />
            </boolgroup>
            <boolgroup name="A10 pin" v="Enabled">
              <Pin v="MB_AD10_PTF2" />
            </boolgroup>
            <boolgroup name="A11 pin" v="Enabled">
              <Pin v="MB_AD11_PTF3" />
            </boolgroup>
            <boolgroup name="A12 pin" v="Enabled">
              <Pin v="MB_AD12_PTF4" />
            </boolgroup>
            <boolgroup name="A13 pin" v="Enabled">
              <Pin v="MB_AD13_PTF5" />
            </boolgroup>
            <boolgroup name="A14 pin" v="Enabled">
              <Pin v="MB_AD14_PTF6" />
            </boolgroup>
            <boolgroup name="A15 pin" v="Enabled">
              <Pin v="MB_AD15_PTF7" />
            </boolgroup>
            <boolgroup name="A16 pin" v="Enabled">
              <Pin v="MB_AD16_PTG0" />
            </boolgroup>
            <boolgroup name="A17 pin" v="Enabled">
              <Pin v="MB_AD17_PTG1" />
            </boolgroup>
            <boolgroup name="A18 pin" v="Enabled">
              <Pin v="MB_AD18_PTG2" />
            </boolgroup>
            <boolgroup name="A19 pin" v="Enabled">
              <Pin v="MB_AD19_PTG3" />
            </boolgroup>
          </boolgroup>
          <boolgroup name="Data pins" v="Enabled">
            <boolgroup name="D0 pin" v="Enabled">
              <Pin v="MB_D0_SYNCB_PTH6" />
            </boolgroup>
            <boolgroup name="D1 pin" v="Enabled">
              <Pin v="MB_D1_SYNCA_PTH7" />
            </boolgroup>
            <boolgroup name="D2 pin" v="Enabled">
              <Pin v="MB_D2_USB_VBUSE_PTH0" />
            </boolgroup>
            <boolgroup name="D3 pin" v="Enabled">
              <Pin v="MB_D3_USB_VBUSD_PTH1" />
            </boolgroup>
            <boolgroup name="D4 pin" v="Enabled">
              <Pin v="MB_D4_I2C_SDA1_PTH2" />
            </boolgroup>
            <boolgroup name="D5 pin" v="Enabled">
              <Pin v="MB_D5_I2C_SCL1_PTH3" />
            </boolgroup>
            <boolgroup name="D6 pin" v="Enabled">
              <Pin v="MB_D6_CANTX_PTH4" />
            </boolgroup>
            <boolgroup name="D7 pin" v="Enabled">
              <Pin v="MB_D7_CANRX_PTH5" />
            </boolgroup>
          </boolgroup>
          <boolgroup name="Control pins" v="Enabled">
            <boolgroup name="OE pin" v="Enabled">
              <Pin v="MB_OE_PTG6" />
            </boolgroup>
            <boolgroup name="RW pin" v="Enabled">
              <Pin v="MB_RW_PTG7" />
            </boolgroup>
          </boolgroup>
          <list name="External memory" v="0">
            <EmptySection_DummyValue />
          </list>
        </boolgroup>
      </list>
      <list name="Enabled speed modes (included)" v="1">
        <group name="Enabled speed modes">
          <boolgroup name="High speed mode" v="Enabled">
            <High_speed_clock v="External Clock" />
            <Bus_clock_frequency v="40" />
            <System_clock_frequency v="80" />
            <Predivider v="Auto select" />
            <Low_power_divider v="Auto select" />
            <boolgroup name="PLL clock" v="Enabled">
              <Loss_of_lock_reset v="Disabled" />
              <boolgroup name="Loss of clock function" v="Disabled" />
              <Fast_wakeup v="Clocks enabled only when PLL is locked" />
              <PLL_multiplier v="Auto select" />
              <PLL_divider v="Auto select" />
            </boolgroup>
            <group name="RTC clock">
              <RTC_clock_select v="Auto select" />
              <RTC_clock__Hz_ v="8192" />
            </group>
            <group name="WTM clock">
              <Clock_select v="Auto select" />
              <Clock_frequency__MHz_ v="8" />
              <Operation_in_stop_mode v="Disabled" />
            </group>
          </boolgroup>
          <boolgroup name="Low speed mode" v="Disabled" />
          <boolgroup name="Slow speed mode" v="Disabled" />
        </group>
      </list>
    </Properties>
    <Methods>
      <list name="SharedCpuMethods" v="1">
        <SetHighSpeed v="don&amp;apos;t generate code" />
        <SetLowSpeed v="don&amp;apos;t generate code" />
        <SetSlowSpeed v="don&amp;apos;t generate code" />
        <GetSpeedMode v="don&amp;apos;t generate code" />
        <GetResetSource v="don&amp;apos;t generate code" />
        <GetBusFreqHz v="don&amp;apos;t generate code" />
        <EnableInt v="generate code" />
        <DisableInt v="generate code" />
        <SetIntLevel v="generate code" />
        <Delay100US v="don&amp;apos;t generate code" />
      </list>
    </Methods>
    <Events>
      <Event_module_name v="Events" />
      <list name="ColdFireEvntGrp" v="1">
        <event name="OnAddrRelatedEXP" v="don&amp;apos;t generate code" />
        <event name="OnInstrRelatedEXP" v="don&amp;apos;t generate code" />
        <event name="OnTrapEXP" v="don&amp;apos;t generate code" />
        <event name="OnIntRelatedEXP" v="don&amp;apos;t generate code" />
        <event name="OnDivideByZeroEXP" v="don&amp;apos;t generate code" />
      </list>
      <list name="CommonEventsGrp" v="1">
        <event name="OnReset" v="don&amp;apos;t generate code" />
        <event name="OnLvdINT" v="don&amp;apos;t generate code" />
        <event name="OnCoreWatchdogINT" v="generate code">
          <Event_procedure_name v="Cpu_OnCoreWatchdogINT" />
        </event>
      </list>
    </Events>
    <Compiler v="CodeWarrior MCF C Compiler" />
    <CompilerProperties>
      <Compiler v="CodeWarrior MCF C Compiler" />
      <enumgroup name="Unhandled vectors" v="One handler for all">
        <Unhandled_int_code>
          <StrgList><![CDATA[/* This code can be changed using the CPU bean property "Build Options / Unhandled int code" */
/*lint -save  -e950 Disable MISRA rule (1.1) checking. */ 
asm (HALT); 
/*lint -restore Enable MISRA rule (1.1) checking. */ 
]]></StrgList>
        </Unhandled_int_code>
      </enumgroup>
      <group name="User initialization">
        <User_data_declarations>
          <StrgList></StrgList>
        </User_data_declarations>
        <User_code_before_PE_initialization>
          <StrgList></StrgList>
        </User_code_before_PE_initialization>
        <User_code_after_PE_initialization>
          <StrgList></StrgList>
        </User_code_after_PE_initialization>
      </group>
      <boolgroup name="Generate debugger files" v="yes">
        <Generate_cfg_file v="yes" />
        <Generate_mem_file v="yes" />
        <Generate_xml_file v="yes" />
      </boolgroup>
      <boolgroup name="Generate linker file" v="yes">
        <Stack_size v="1024" />
        <Heap_size v="1024" />
        <Set_memory_segments_to_default v="Click to set default &amp;gt;" />
        <Default_memory_for_interrupts v="INTERNAL RAM" />
        <Default_memory_for_code v="INTERNAL RAM" />
        <Default_memory_for_data v="INTERNAL RAM" />
        <list name="ROM/RAM Areas" v="3">
          <group name="MemoryArea0">
            <boolgroup name="ROM/RAM Area" v="Enabled">
              <Name v="interrupts" />
              <Qualifier v="RX" />
              <Address v="536870912" />
              <Size v="1536" />
            </boolgroup>
          </group>
          <group name="MemoryArea1">
            <boolgroup name="ROM/RAM Area" v="Enabled">
              <Name v="code" />
              <Qualifier v="RX" />
              <Address v="536872448" />
              <Size v="42496" />
            </boolgroup>
          </group>
          <group name="MemoryArea2">
            <boolgroup name="ROM/RAM Area" v="Enabled">
              <Name v="data" />
              <Qualifier v="RW" />
              <Address v="536914944" />
              <Size v="21504" />
            </boolgroup>
          </group>
        </list>
      </boolgroup>
    </CompilerProperties>
  </CPU_Bean>
  <CPU_Bean name="Cpu" type="MCF52259_144_LQFP">
    <Enabled v="N" />
    <Properties>
      <Component_name v="Cpu" />
      <CPU_type v="MCF52259CAG80" />
      <list name="Clock settings (included)" v="1">
        <group name="Clock settings">
          <list name="Internal clock (included)" v="1">
            <group name="Internal clock">
              <Internal_oscillator_frequency__kHz_ v="8" />
            </group>
          </list>
          <list name="External clock (included)" v="1">
            <boolgroup name="External clock" v="Enabled">
              <enumgroup name="Clock source" v="External crystal">
                <Clock_frequency__MHz_ v="8" />
                <group name="Clock input pin">
                  <Pin_name v="EXTAL" />
                </group>
                <group name="Clock output pin">
                  <Pin_name v="XTAL" />
                </group>
              </enumgroup>
            </boolgroup>
          </list>
          <list name="RTC clock (included)" v="1">
            <boolgroup name="RTC clock" v="Enabled">
              <RTC_oscillator_frequency__kHz_ v="32.768000000000" />
              <EXTAL v="Disabled" />
              <RTC_oscillator v="Disabled" />
              <Oscillator_frequency_range v="kHz" />
              <Oscillator_mode v="External oscillator mode" />
              <Low_power_mode v="Disabled" />
              <group name="Clock input pin">
                <Pin_name v="RTC_EXTAL" />
              </group>
              <boolgroup name="Clock output pin" v="Enabled">
                <Pin_name v="RTC_XTAL" />
              </boolgroup>
            </boolgroup>
          </list>
        </group>
      </list>
      <Initialization_interrupt_priority v="minimal priority" />
      <list name="Memory mapping (included)" v="1">
        <group name="Resource mapping">
          <group name="IPSBAR">
            <Base_address v="1073741824" />
          </group>
          <group name="RAMBAR">
            <Base_address v="536870912" />
            <Priority v="SRAM Backdoor / SRAM Backdoor" />
            <Backdoor_Secondary_port_valid v="Enabled" />
            <Write_protect v="Disabled" />
            <Backdoor_write_protect v="Disabled" />
            <CPU_space_interrupt_acknowledge_cycle v="Inhibited" />
            <Supervisor_code_address_space v="Masked" />
            <Supervisor_data_address_space v="Masked" />
            <User_code_address_space v="Masked" />
            <User_data_address_space v="Masked" />
            <SRAM_module v="Enabled" />
          </group>
          <group name="SCM_RAMBAR">
            <Base_address v="536870912" />
            <Backdoor v="Enabled" />
          </group>
          <group name="FLASHBAR">
            <Base_address v="0" />
            <CPU_space_interrupt_acknowledge_cycle v="Inhibited" />
            <Supervisor_code_address_space v="Masked" />
            <Supervisor_data_address_space v="Masked" />
            <User_code_address_space v="Masked" />
            <User_data_address_space v="Masked" />
            <NFC_module v="Enabled" />
          </group>
        </group>
      </list>
      <list name="Internal peripherals (included)" v="1">
        <group name="Internal peripherals">
          <list name="CCM" v="1">
            <group name="CCM">
              <group name="Common pins settings">
                <Pad_driver_load v="Default drive strength" />
              </group>
            </group>
          </list>
          <list name="SCM" v="1">
            <group name="SCM">
              <group name="Core Watchdog">
                <Watchdog v="Disabled" />
                <Timing_delay v="2^9" />
                <Timeout v="0.0128 ms" />
                <Mode v="Interrupt" />
                <Transfer_acknowledge v="Disabled" />
                <group name="Interrupt">
                  <Interrupt v="INT_SCM_SWTI" />
                  <Request v="Disabled" />
                  <Level v="Disabled" />
                  <Priority v="0 (Lowest)" />
                </group>
              </group>
              <group name="DMA">
                <Byte_counter_mode v="16 bits" />
                <DMA_channel_0_request_source v="None" />
                <DMA_channel_1_request_source v="None" />
                <DMA_channel_2_request_source v="None" />
                <DMA_channel_3_request_source v="None" />
              </group>
              <group name="Internal bus arbitration">
                <DMA_priority_elevation v="Disabled" />
                <group name="Bus masters priority">
                  <Master_0__V2_ColdFire_Core_ v="Fourth priority (lowest)" />
                  <Master_1__USB_ v="Third priority" />
                  <Master_2__4_channel_DMA_ v="Second priority" />
                  <Master_3__FEC_ v="First priority (highest)" />
                </group>
                <Bus_arbitration_mode v="Round-Robin mode" />
                <Parking_mode v="Park on last active master" />
                <Timeout_counter v="Disabled" />
                <Timeout_value v="1 cycle" />
              </group>
              <group name="System access control">
                <group name="Master privilege access">
                  <Bus_master_0 v="Accesses use the user/supervisor attribute" />
                  <Bus_master_1 v="Accesses use the user/supervisor attribute" />
                  <Bus_master_2 v="Accesses are in user mode." />
                  <Bus_master_3 v="Accesses are in user mode." />
                </group>
                <group name="Peripheral access control">
                  <group name="SCM module">
                    <Access_lock v="Disabled" />
                    <Access_control v="ReadWrite / No access" />
                  </group>
                  <group name="DMA module">
                    <Access_lock v="Disabled" />
                    <Access_control v="ReadWrite / No access" />
                  </group>
                  <group name="UART0 module">
                    <Access_lock v="Disabled" />
                    <Access_control v="ReadWrite / No access" />
                  </group>
                  <group name="UART1 module">
                    <Access_lock v="Disabled" />
                    <Access_control v="ReadWrite / No access" />
                  </group>
                  <group name="UART2 module">
                    <Access_lock v="Disabled" />
                    <Access_control v="ReadWrite / No access" />
                  </group>
                  <group name="I2C0 module">
                    <Access_lock v="Disabled" />
                    <Access_control v="ReadWrite / No access" />
                  </group>
                  <group name="QSPI module">
                    <Access_lock v="Disabled" />
                    <Access_control v="ReadWrite / No access" />
                  </group>
                  <group name="I2C1 module">
                    <Access_lock v="Disabled" />
                    <Access_control v="ReadWrite / No access" />
                  </group>
                  <group name="DTIM0 module">
                    <Access_lock v="Disabled" />
                    <Access_control v="ReadWrite / No access" />
                  </group>
                  <group name="DTIM1 module">
                    <Access_lock v="Disabled" />
                    <Access_control v="ReadWrite / No access" />
                  </group>
                  <group name="DTIM2 module">
                    <Access_lock v="Disabled" />
                    <Access_control v="ReadWrite / No access" />
                  </group>
                  <group name="DTIM3 module">
                    <Access_lock v="Disabled" />
                    <Access_control v="ReadWrite / No access" />
                  </group>
                  <group name="INTC0 module">
                    <Access_lock v="Disabled" />
                    <Access_control v="ReadWrite / No access" />
                  </group>
                  <group name="INTC1 module">
                    <Access_lock v="Disabled" />
                    <Access_control v="ReadWrite / No access" />
                  </group>
                  <group name="FEC module">
                    <Access_lock v="Disabled" />
                    <Access_control v="ReadWrite / No access" />
                  </group>
                </group>
                <group name="Grouped peripheral access control">
                  <group name="Memory region 0">
                    <Access_lock v="Disabled" />
                    <Access_control v="ReadWrite / No access" />
                  </group>
                  <group name="Memory region 1">
                    <Access_lock v="Disabled" />
                    <Access_control v="ReadWrite / No access" />
                  </group>
                </group>
              </group>
            </group>
          </list>
          <list name="Power Management" v="1">
            <group name="PowerManagement">
              <group name="Peripheral clocks">
                <Global_off_platform_modules_clock v="Enabled" />
                <Mini_FlexBus_clock v="Enabled" />
                <DMA_clock v="Enabled" />
                <UART0_clock v="Enabled" />
                <UART1_clock v="Enabled" />
                <UART2_clock v="Enabled" />
                <I2C0_clock v="Enabled" />
                <QSPI_clock v="Enabled" />
                <I2C1_clock v="Enabled" />
                <DTIM0_clock v="Enabled" />
                <DTIM1_clock v="Enabled" />
                <DTIM2_clock v="Enabled" />
                <DTIM3_clock v="Enabled" />
                <INTC0_clock v="Enabled" />
                <INTC1_clock v="Enabled" />
                <FEC_clock v="Enabled" />
                <PORTS_clock v="Enabled" />
                <EPORT_clock v="Enabled" />
                <PIT0_clock v="Enabled" />
                <PIT1_clock v="Enabled" />
                <ADC_clock v="Enabled" />
                <GPT_clock v="Enabled" />
                <PWM_clock v="Enabled" />
                <FCAN_clock v="Enabled" />
                <CFM_clock v="Enabled" />
                <RTC_clock v="Enabled" />
              </group>
              <group name="Low-power mode">
                <Low_power_stop_mode v="Disabled" />
                <Exit_low_power_mode v="Any interrupt request" />
                <Low_power_mode_select v="RUN" />
              </group>
              <group name="IPS bus monitor">
                <Timeout_monitor v="Enabled" />
                <Monitor_timeout v="1024 cycles" />
              </group>
            </group>
          </list>
          <list name="Reset Controller" v="1">
            <group name="ResetController">
              <LVD_module v="Enabled" />
              <LVD_reset v="Enabled" />
              <group name="LVD interrupt">
                <Interrupt v="INT_PMM_LVDF" />
                <Request v="Disabled" />
                <Level v="Disabled" />
                <Priority v="0 (Lowest)" />
                <LVD_interrupt v="Disabled" />
              </group>
              <Software_request_to_reset v="Not allowed" />
              <Software_assert_or_negate_RSTOUT_pin v="Negate RSTOUT pin" />
            </group>
          </list>
          <list name="Flash Controller" v="1">
            <group name="FlashConfigurationField">
              <boolgroup name="Security" v="Disabled" />
              <Protection v="0" />
              <Supervisor_access v="0" />
              <Data_access v="0" />
            </group>
          </list>
        </group>
      </list>
      <list name="Shared CPU interrupts/resets" v="1">
        <group name="CPU interrupts/resets">
          <group name="Instruction related exceptions">
            <Instruction_related_reset v="Enabled" />
            <boolgroup name="Illegal Instruction Exception" v="Disabled" />
            <boolgroup name="Unimplemented Line-A Opcode" v="Disabled" />
            <boolgroup name="Unimplemented Line-F Opcode" v="Disabled" />
            <boolgroup name="Privilege Violation" v="Disabled" />
          </group>
          <group name="Address related exceptions">
            <Address_related_reset v="Enabled" />
            <boolgroup name="Access Error Exception" v="Disabled" />
            <boolgroup name="Address Error Exception" v="Disabled" />
            <boolgroup name="RTE Format Error Exception" v="Disabled" />
          </group>
          <group name="Interrupt related exceptions">
            <Interrupt_related_reset v="Disabled" />
            <boolgroup name="Spurious Interrupt Exception" v="Disabled" />
          </group>
          <boolgroup name="Divide-By-Zero" v="Disabled" />
          <list name="Trap exceptions" v="16">
            <boolgroup name="Trap 0" v="Disabled" />
            <boolgroup name="Trap 1" v="Disabled" />
            <boolgroup name="Trap 2" v="Disabled" />
            <boolgroup name="Trap 3" v="Disabled" />
            <boolgroup name="Trap 4" v="Disabled" />
            <boolgroup name="Trap 5" v="Disabled" />
            <boolgroup name="Trap 6" v="Disabled" />
            <boolgroup name="Trap 7" v="Disabled" />
            <boolgroup name="Trap 8" v="Disabled" />
            <boolgroup name="Trap 9" v="Disabled" />
            <boolgroup name="Trap 10" v="Disabled" />
            <boolgroup name="Trap 11" v="Disabled" />
            <boolgroup name="Trap 12" v="Disabled" />
            <boolgroup name="Trap 13" v="Disabled" />
            <boolgroup name="Trap 14" v="Disabled" />
            <boolgroup name="Trap 15" v="Disabled" />
          </list>
        </group>
      </list>
      <list name="External bus (included)" v="1">
        <boolgroup name="ExternalBus" v="Enabled">
          <group name="Chip selects">
            <boolgroup name="CS0" v="Disabled" />
            <boolgroup name="CS1" v="Disabled" />
          </group>
          <boolgroup name="Address pins" v="Enabled">
            <boolgroup name="A0 pin" v="Enabled">
              <Pin v="MB_AD0_PTE0" />
            </boolgroup>
            <boolgroup name="A1 pin" v="Enabled">
              <Pin v="MB_AD1_PTE1" />
            </boolgroup>
            <boolgroup name="A2 pin" v="Enabled">
              <Pin v="MB_AD2_PTE2" />
            </boolgroup>
            <boolgroup name="A3 pin" v="Enabled">
              <Pin v="MB_AD3_PTE3" />
            </boolgroup>
            <boolgroup name="A4 pin" v="Enabled">
              <Pin v="MB_AD4_PTE4" />
            </boolgroup>
            <boolgroup name="A5 pin" v="Enabled">
              <Pin v="MB_AD5_PTE5" />
            </boolgroup>
            <boolgroup name="A6 pin" v="Enabled">
              <Pin v="MB_AD6_PTE6" />
            </boolgroup>
            <boolgroup name="A7 pin" v="Enabled">
              <Pin v="MB_AD7_PTE7" />
            </boolgroup>
            <boolgroup name="A8 pin" v="Enabled">
              <Pin v="MB_AD8_PTF0" />
            </boolgroup>
            <boolgroup name="A9 pin" v="Enabled">
              <Pin v="MB_AD9_PTF1" />
            </boolgroup>
            <boolgroup name="A10 pin" v="Enabled">
              <Pin v="MB_AD10_PTF2" />
            </boolgroup>
            <boolgroup name="A11 pin" v="Enabled">
              <Pin v="MB_AD11_PTF3" />
            </boolgroup>
            <boolgroup name="A12 pin" v="Enabled">
              <Pin v="MB_AD12_PTF4" />
            </boolgroup>
            <boolgroup name="A13 pin" v="Enabled">
              <Pin v="MB_AD13_PTF5" />
            </boolgroup>
            <boolgroup name="A14 pin" v="Enabled">
              <Pin v="MB_AD14_PTF6" />
            </boolgroup>
            <boolgroup name="A15 pin" v="Enabled">
              <Pin v="MB_AD15_PTF7" />
            </boolgroup>
            <boolgroup name="A16 pin" v="Enabled">
              <Pin v="MB_AD16_PTG0" />
            </boolgroup>
            <boolgroup name="A17 pin" v="Enabled">
              <Pin v="MB_AD17_PTG1" />
            </boolgroup>
            <boolgroup name="A18 pin" v="Enabled">
              <Pin v="MB_AD18_PTG2" />
            </boolgroup>
            <boolgroup name="A19 pin" v="Enabled">
              <Pin v="MB_AD19_PTG3" />
            </boolgroup>
          </boolgroup>
          <boolgroup name="Data pins" v="Enabled">
            <boolgroup name="D0 pin" v="Enabled">
              <Pin v="MB_D0_SYNCB_PTH6" />
            </boolgroup>
            <boolgroup name="D1 pin" v="Enabled">
              <Pin v="MB_D1_SYNCA_PTH7" />
            </boolgroup>
            <boolgroup name="D2 pin" v="Enabled">
              <Pin v="MB_D2_USB_VBUSE_PTH0" />
            </boolgroup>
            <boolgroup name="D3 pin" v="Enabled">
              <Pin v="MB_D3_USB_VBUSD_PTH1" />
            </boolgroup>
            <boolgroup name="D4 pin" v="Enabled">
              <Pin v="MB_D4_I2C_SDA1_PTH2" />
            </boolgroup>
            <boolgroup name="D5 pin" v="Enabled">
              <Pin v="MB_D5_I2C_SCL1_PTH3" />
            </boolgroup>
            <boolgroup name="D6 pin" v="Enabled">
              <Pin v="MB_D6_CANTX_PTH4" />
            </boolgroup>
            <boolgroup name="D7 pin" v="Enabled">
              <Pin v="MB_D7_CANRX_PTH5" />
            </boolgroup>
          </boolgroup>
          <boolgroup name="Control pins" v="Enabled">
            <boolgroup name="OE pin" v="Enabled">
              <Pin v="MB_OE_PTG6" />
            </boolgroup>
            <boolgroup name="RW pin" v="Enabled">
              <Pin v="MB_RW_PTG7" />
            </boolgroup>
          </boolgroup>
          <list name="External memory" v="0">
            <EmptySection_DummyValue />
          </list>
        </boolgroup>
      </list>
      <list name="Enabled speed modes (included)" v="1">
        <group name="Enabled speed modes">
          <boolgroup name="High speed mode" v="Enabled">
            <High_speed_clock v="External Clock" />
            <Bus_clock_frequency v="40" />
            <System_clock_frequency v="80" />
            <Predivider v="Auto select" />
            <Low_power_divider v="Auto select" />
            <boolgroup name="PLL clock" v="Enabled">
              <Loss_of_lock_reset v="Disabled" />
              <boolgroup name="Loss of clock function" v="Disabled" />
              <Fast_wakeup v="Clocks enabled only when PLL is locked" />
              <PLL_multiplier v="Auto select" />
              <PLL_divider v="Auto select" />
            </boolgroup>
            <group name="RTC clock">
              <RTC_clock_select v="Auto select" />
              <RTC_clock__Hz_ v="8192" />
            </group>
            <group name="WTM clock">
              <Clock_select v="Auto select" />
              <Clock_frequency__MHz_ v="8" />
              <Operation_in_stop_mode v="Disabled" />
            </group>
          </boolgroup>
          <boolgroup name="Low speed mode" v="Disabled" />
          <boolgroup name="Slow speed mode" v="Disabled" />
        </group>
      </list>
    </Properties>
    <Methods>
      <list name="SharedCpuMethods" v="1">
        <SetHighSpeed v="don&amp;apos;t generate code" />
        <SetLowSpeed v="don&amp;apos;t generate code" />
        <SetSlowSpeed v="don&amp;apos;t generate code" />
        <GetSpeedMode v="don&amp;apos;t generate code" />
        <GetResetSource v="don&amp;apos;t generate code" />
        <GetBusFreqHz v="don&amp;apos;t generate code" />
        <EnableInt v="generate code" />
        <DisableInt v="generate code" />
        <SetIntLevel v="generate code" />
        <Delay100US v="don&amp;apos;t generate code" />
      </list>
    </Methods>
    <Events>
      <Event_module_name v="Events" />
      <list name="ColdFireEvntGrp" v="1">
        <event name="OnAddrRelatedEXP" v="don&amp;apos;t generate code" />
        <event name="OnInstrRelatedEXP" v="don&amp;apos;t generate code" />
        <event name="OnTrapEXP" v="don&amp;apos;t generate code" />
        <event name="OnIntRelatedEXP" v="don&amp;apos;t generate code" />
        <event name="OnDivideByZeroEXP" v="don&amp;apos;t generate code" />
      </list>
      <list name="CommonEventsGrp" v="1">
        <event name="OnReset" v="don&amp;apos;t generate code" />
        <event name="OnLvdINT" v="don&amp;apos;t generate code" />
        <event name="OnCoreWatchdogINT" v="generate code">
          <Event_procedure_name v="Cpu_OnCoreWatchdogINT" />
        </event>
      </list>
    </Events>
    <Compiler v="CodeWarrior MCF C Compiler" />
    <CompilerProperties>
      <Compiler v="CodeWarrior MCF C Compiler" />
      <enumgroup name="Unhandled vectors" v="One handler for all">
        <Unhandled_int_code>
          <StrgList><![CDATA[/* This code can be changed using the CPU bean property "Build Options / Unhandled int code" */
/*lint -save  -e950 Disable MISRA rule (1.1) checking. */ 
asm (HALT); 
/*lint -restore Enable MISRA rule (1.1) checking. */ 
]]></StrgList>
        </Unhandled_int_code>
      </enumgroup>
      <group name="User initialization">
        <User_data_declarations>
          <StrgList></StrgList>
        </User_data_declarations>
        <User_code_before_PE_initialization>
          <StrgList></StrgList>
        </User_code_before_PE_initialization>
        <User_code_after_PE_initialization>
          <StrgList></StrgList>
        </User_code_after_PE_initialization>
      </group>
      <boolgroup name="Generate debugger files" v="yes">
        <Generate_cfg_file v="yes" />
        <Generate_mem_file v="yes" />
        <Generate_xml_file v="yes" />
      </boolgroup>
      <boolgroup name="Generate linker file" v="yes">
        <Stack_size v="1024" />
        <Heap_size v="1024" />
        <Set_memory_segments_to_default v="Click to set default &amp;gt;" />
        <Default_memory_for_interrupts v="INTERNAL FLASH" />
        <Default_memory_for_code v="INTERNAL FLASH" />
        <Default_memory_for_data v="INTERNAL RAM" />
        <list name="ROM/RAM Areas" v="4">
          <group name="MemoryArea0">
            <boolgroup name="ROM/RAM Area" v="Enabled">
              <Name v="interrupts" />
              <Qualifier v="RX" />
              <Address v="0" />
              <Size v="768" />
            </boolgroup>
          </group>
          <group name="MemoryArea1">
            <boolgroup name="ROM/RAM Area" v="Enabled">
              <Name v="code" />
              <Qualifier v="RX" />
              <Address v="1056" />
              <Size v="523232" />
            </boolgroup>
          </group>
          <group name="MemoryArea2">
            <boolgroup name="ROM/RAM Area" v="Enabled">
              <Name v="data" />
              <Qualifier v="RW" />
              <Address v="536870912" />
              <Size v="65536" />
            </boolgroup>
          </group>
          <group name="MemoryArea3">
            <boolgroup name="ROM/RAM Area" v="Enabled">
              <Name v="cfmprotrom" />
              <Qualifier v="RX" />
              <Address v="1024" />
              <Size v="32" />
            </boolgroup>
          </group>
        </list>
      </boolgroup>
    </CompilerProperties>
  </CPU_Bean>
  <Bean name="Bits1" type="BitsIO">
    <Enabled v="Y" />
    <Properties>
      <Component_name v="Bits1" />
      <Port v="PORTTA" />
      <list name="Pins" v="2">
        <group name="Pin0">
          <Pin v="GPT0_PWM1_PTA0" />
        </group>
        <group name="Pin1">
          <Pin v="GPT1_PWM3_PTA1" />
        </group>
      </list>
      <Direction v="Input" />
      <group name="Initialization">
        <Init__direction v="Input" />
        <Init__value v="0" />
      </group>
      <Safe_mode v="no" />
      <Optimization_for v="speed" />
    </Properties>
    <Methods>
      <GetDir v="generate code" />
      <SetDir v="don&amp;apos;t generate code" />
      <SetInput v="don&amp;apos;t generate code" />
      <SetOutput v="don&amp;apos;t generate code" />
      <GetVal v="generate code" />
      <PutVal v="don&amp;apos;t generate code" />
      <GetBit v="generate code" />
      <PutBit v="don&amp;apos;t generate code" />
      <SetBit v="don&amp;apos;t generate code" />
      <ClrBit v="don&amp;apos;t generate code" />
      <NegBit v="don&amp;apos;t generate code" />
      <ConnectPin v="don&amp;apos;t generate code" />
      <GetRawVal v="don&amp;apos;t generate code" />
      <GetRawBit v="don&amp;apos;t generate code" />
    </Methods>
    <Events>
      <EmptySection_DummyValue />
    </Events>
  </Bean>
  <Bean name="Bits2" type="BitsIO">
    <Enabled v="Y" />
    <Properties>
      <Component_name v="Bits2" />
      <Port v="PORTTC" />
      <list name="Pins" v="4">
        <group name="Pin0">
          <Pin v="DTIN0_DTOUT0_PWM0_PTC0" />
        </group>
        <group name="Pin1">
          <Pin v="DTIN1_DTOUT1_PWM2_PTC1" />
        </group>
        <group name="Pin2">
          <Pin v="DTIN2_DTOUT2_PWM4_PTC2" />
        </group>
        <group name="Pin3">
          <Pin v="DTIN3_DTOUT3_PWM6_PTC3" />
        </group>
      </list>
      <Direction v="Output" />
      <group name="Initialization">
        <Init__direction v="Output" />
        <Init__value v="0" />
      </group>
      <Safe_mode v="no" />
      <Optimization_for v="speed" />
    </Properties>
    <Methods>
      <GetDir v="generate code" />
      <SetDir v="don&amp;apos;t generate code" />
      <SetInput v="don&amp;apos;t generate code" />
      <SetOutput v="don&amp;apos;t generate code" />
      <GetVal v="generate code" />
      <PutVal v="generate code" />
      <GetBit v="generate code" />
      <PutBit v="generate code" />
      <SetBit v="generate code" />
      <ClrBit v="generate code" />
      <NegBit v="generate code" />
      <ConnectPin v="don&amp;apos;t generate code" />
      <GetRawVal v="don&amp;apos;t generate code" />
      <GetRawBit v="don&amp;apos;t generate code" />
    </Methods>
    <Events>
      <EmptySection_DummyValue />
    </Events>
  </Bean>
  <Bean name="TI1" type="TimerInt">
    <Enabled v="Y" />
    <Properties>
      <Component_name v="TI1" />
      <Periodic_interrupt_source v="GPT_Channel_0" />
      <Counter v="GPT_Counter" />
      <boolgroup name="Interrupt service/event" v="Enabled">
        <Interrupt v="INT_GPT_C0F" />
        <Interrupt_priority v="medium priority" />
      </boolgroup>
      <Interrupt_period v="100 ms" />
      <Same_period_in_modes v="yes" />
      <Component_uses_entire_timer v="no" />
      <group name="Initialization">
        <Enabled_in_init__code v="yes" />
        <Events_enabled_in_init_ v="yes" />
      </group>
      <group name="CPU clock/speed selection">
        <High_speed_mode v="This component enabled" />
        <Low_speed_mode v="This component disabled" />
        <Slow_speed_mode v="This component disabled" />
      </group>
    </Properties>
    <Methods>
      <Enable v="don&amp;apos;t generate code" />
      <Disable v="don&amp;apos;t generate code" />
      <EnableEvent v="don&amp;apos;t generate code" />
      <DisableEvent v="don&amp;apos;t generate code" />
      <SetPeriodMode v="don&amp;apos;t generate code" />
      <SetPeriodTicks16 v="don&amp;apos;t generate code" />
      <SetPeriodTicks32 v="don&amp;apos;t generate code" />
      <SetPeriodUS v="don&amp;apos;t generate code" />
      <SetPeriodMS v="don&amp;apos;t generate code" />
      <SetPeriodSec v="don&amp;apos;t generate code" />
      <SetPeriodReal v="don&amp;apos;t generate code" />
      <SetFreqHz v="don&amp;apos;t generate code" />
      <SetFreqkHz v="don&amp;apos;t generate code" />
      <SetFreqMHz v="don&amp;apos;t generate code" />
    </Methods>
    <Events>
      <Event_module_name v="Events" />
      <event name="BeforeNewSpeed" v="don&amp;apos;t generate code" />
      <event name="AfterNewSpeed" v="don&amp;apos;t generate code" />
      <event name="OnInterrupt" v="generate code">
        <Event_procedure_name v="TI1_OnInterrupt" />
        <Priority v="same as interrupt" />
      </event>
    </Events>
  </Bean>
</PE_PROJECT_SETTINGS_DOCUMENTATION>

